var_name,point_1,point_2,point_3,point_4,point_5,point_6,point_7,point_8,point_9
TOC,0.06204154553222541,0.026472415194114033,0.024740838666187148,0.024932045929545454,0.00037325878821925507,0.0007288258375357514,0.00012371359320162423,8.086725666101023e-05,
PH,0.07171236064879993,0.020009505779873926,0.022186892793912505,0.022443293147011767,0.0019077882431207671,0.000200427668678671,0.0012477527664123134,0.005400644257212761,
TN,0.05835653638292437,0.03156565877531392,0.02825425437969709,0.027980458084290172,0.0019123811034388314,0.0038949050709102817,0.003878127799991638,0.0014917386393594745,
SN,0.14982824972617026,0.07322316656026284,0.07537791492829649,0.07491534623629503,0.008420134822230252,0.015478390082683703,0.013005931544308293,0.004908008006072717,
SP,0.00833755605960329,0.001700818470429022,0.0006236081054173948,0.0002747495957537982,0.041925343746078814,0.028513131924421287,0.03763312769228799,0.05043960386033175,
SK,0.004213510440599477,0.03346092794369848,0.026225523797063995,0.023429673396704542,0.10388714204683813,0.07982663036199378,0.10008091828735609,0.11737282363440214,
WT,1.0,1.0,1.0,1.0,1.0,1.0,1.0,1.0,
